"free surface(time), created by Plot Digitizer, 2.6.8"
"Date: 07/08/17, 10:47:54"


36
time,free surface
0,0,
1.52824,0.205903,
2.57349,0.593599,
3.41114,0.900000,
4.50000,1.30000,
6,1.75000,
7.58740,2.22138,
8.52766,2.50000,
9.88595,2.99660,
10.7236,3.35000,
11.7764,4.34211,
12.4072,4.83379,
13.0300,4.75553,
14.1558,3.45923,
14.4548,2.52633,
15.1603,0.919515,
15.7680,-0.246805,
16.3837,-0.843188,
17.1108,-0.895630,
19.0959,-0.223773,
20.5542,-0.0436860,
22.5350,0.317296,
25.0000,0.650000,
